{
    "y": 51.1200654,
    "x": 71.4120309,
    "street_count": 3
}33787