{"filteredMarkersLngLat":[[71.416287,51.110922],[71.411893,51.118386],[71.418481,51.11747],[71.423956,51.11671],[71.427591,51.116205],[71.433964,51.115285],[71.439283,51.129381],[71.420026,51.135807],[71.415853,51.13652],[71.434391,51.133345],[71.416487,51.128046],[71.426885,51.0956],[71.426686,51.123642],[71.407616,51.134346],[71.438438,51.112373],[71.439073,51.11352],[71.440346,51.116856],[71.441021,51.118736],[71.428813,51.129065],[71.430823,51.133954],[71.429532,51.130907],[71.433182,51.130336],[71.410469,51.111713],[71.412681,51.133555],[71.411537,51.09764],[71.437589,51.124757],[71.43136,51.125728],[71.427731,51.126296],[71.413684,51.128489],[71.405786,51.129734],[71.418285,51.132594],[71.411501,51.116122],[71.433157,51.113064],[71.421513,51.132161],[71.413196,51.125758],[71.426812,51.114073],[71.42319,51.114601],[71.417163,51.125134],[71.435381,51.133185],[71.434934,51.117611],[71.423952,51.126806],[71.42517,51.109563],[71.431573,51.108649],[71.430231,51.122864],[71.432592,51.128541],[71.414472,51.133204],[71.422764,51.124026],[71.417686,51.115263],[71.430357,51.094953],[71.420688,51.096463],[71.416797,51.096886],[71.422035,51.100814],[71.407463,51.102684],[71.421693,51.110152],[71.4124,51.122157],[71.426842,51.131328],[71.405955,51.09844],[71.428597,51.099866]],"counterFilteredMarkersLngLat":58}