{"filteredMarkersLngLat":[[71.416287,51.110922],[71.411893,51.118386],[71.418481,51.11747],[71.423956,51.11671],[71.427591,51.116205],[71.426686,51.123642],[71.410469,51.111713],[71.411501,51.116122],[71.413196,51.125758],[71.426812,51.114073],[71.42319,51.114601],[71.417163,51.125134],[71.42517,51.109563],[71.430231,51.122864],[71.422764,51.124026],[71.417686,51.115263],[71.421693,51.110152],[71.4124,51.122157]],"counterFilteredMarkersLngLat":18}