{"filteredMarkersLngLat":[[71.416287,51.110922],[71.411893,51.118386],[71.418481,51.11747],[71.423956,51.11671]],"counterFilteredMarkersLngLat":4}